numero_documento;nombres;apellido_paterno;apellido_materno;direccion;celular;email
12345678;Juan;Pérez;González;Av. Siempre Viva 123;987654321;jpérezg@gmail.com
23456789;María;López;Ramírez;Calle Falsa 456;987654322;mlópezr@gmail.com
34567890;Carlos;Fernández;Torres;Av. Principal 789;987654323;cfernándezt@gmail.com
45678901;Ana;García;Martínez;Calle Real 101;987654324;agarcíam@gmail.com
56789012;Pedro;Sánchez;Hernández;Av. Central 202;987654325;psánchezh@gmail.com
67890123;Laura;Rodríguez;Pérez;Calle Norte 303;987654326;lrodríguezp@gmail.com
78901234;José;Ramírez;Gómez;Av. Sur 404;987654327;jramírezg@gmail.com
89012345;Lucía;Torres;Jiménez;Calle Este 505;987654328;ltorresj@gmail.com
90123456;Diego;Martínez;López;Av. Oeste 606;987654329;dmartínezl@gmail.com
1234567;Carmen;Hernández;Rodríguez;Calle Centro 707;987654330;chernándezr@gmail.com
11223344;Luis;Gómez;Sánchez;Av. Libertad 808;987654331;lgómezs@gmail.com
22334455;Marta;Jiménez;Torres;Calle Independencia 909;987654332;mjiménezt@gmail.com
33445566;Raúl;López;Martínez;Av. Democracia 1010;987654333;rlópezm@gmail.com
44556677;Elena;Pérez;García;Calle Paz 1111;987654334;epérezg@gmail.com
55667788;Andrés;Ramírez;Sánchez;Av. Unión 1212;987654335;aramírezs@gmail.com
66778899;Claudia;Torres;Fernández;Calle Progreso 1313;987654336;ctorresf@gmail.com
77889900;Sofía;Martínez;Gómez;Av. Amistad 1414;987654337;smartínezg@gmail.com
88990011;Fernando;Hernández;López;Calle Victoria 1515;987654338;fhernándezl@gmail.com
99001122;Valeria;García;Rodríguez;Av. Esperanza 1616;987654339;vgarcíar@gmail.com
112233;Jorge;López;Jiménez;Calle Solidaridad 1717;987654340;jlópezj@gmail.com
11223300;Daniela;Pérez;Sánchez;Av. Justicia 1818;987654341;dpérezs@gmail.com
22334411;Ricardo;Ramírez;Torres;Calle Igualdad 1919;987654342;rramírezt@gmail.com
33445522;Patricia;Gómez;Martínez;Av. Fraternidad 2020;987654343;pgómezm@gmail.com
44556633;Alberto;Jiménez;García;Calle Libertad 2121;987654344;ajiménezg@gmail.com
55667744;Isabel;López;Hernández;Av. Independencia 2222;987654345;ilópezh@gmail.com
66778855;Francisco;Pérez;Sánchez;Calle Democracia 2323;987654346;fpérezs@gmail.com
77889966;Alejandra;Ramírez;Gómez;Av. Paz 2424;987654347;aramírezg@gmail.com
88990077;Emilio;Torres;Jiménez;Calle Unión 2525;987654348;etorresj@gmail.com
99001188;Gabriela;Martínez;López;Av. Progreso 2626;987654349;gmartínezl@gmail.com
112299;Sergio;Hernández;García;Calle Amistad 2727;987654350;shernándezg@gmail.com
